elasticity,n_obs,n_dynamic_grids,status,eps_low,eps_mid,eps_high,eps_vhigh
-0.28890077602197484,15418,57,estimated,-0.5143301060478804,-0.12470445593510959,-0.001,-0.001
